{
    "hybrid_rmse": 1097704.2963380273,
    "hybrid_mae": 1045948.6923954182,
    "hybrid_mape": 7.470789938333803,
    "lstm_rmse": 1885473.5350706608,
    "lstm_mae": 1820179.0928977856,
    "lstm_mape": 13.000805634207508
}